product_id,category,product_name,product_description,product_photos,product_weight,product_length,product_height,product_width,description,image
1e9e8ef04dbcff4541ed26657ea517e5,perfumery,perfume,287,1,225,16,10,14,This perfumery item weighs 225 g and measures 16.0 × 10.0 × 14.0 cm making it a great choice for everyday use.,C:\Users\admin\Pictures\thumb-1920-282032.jpg
3aa071139cb16b67ca9e5dea641aaa2f,Art,art of galaxy,276,1,1000,30,18,20,This Art item weighs 1000 g and measures 30.0 × 18.0 × 20.0 cm making it a great choice for everyday use.,C:\Users\admin\Pictures\thumb-1920-282032.jpg
96bd76ec8810374ed1b65e291975717f,sport leisure,jockey,250,1,154,18,9,15,This sport leisure item weighs 154 g and measures 18.0 × 9.0 × 15.0 cm making it a great choice for everyday use.,C:\Users\admin\Pictures\thumb-1920-282032.jpg
cef67bcfe19066a932b7673e239eb23d,babies,baby doll,261,1,371,26,4,26,This babies item weighs 371 g and measures 26.0 × 4.0 × 26.0 cm making it a great choice for everyday use.,C:\Users\admin\Pictures\thumb-1920-282032.jpg
9dc1a7de274444849c219cff195d0b71,housewares,nightwares,402,4,625,20,17,13,This housewares item weighs 625 g and measures 20.0 × 17.0 × 13.0 cm making it a great choice for everyday use.,C:\Users\admin\Pictures\thumb-1920-282032.jpg
41d3672d4792049fa1779bb35283ed13,musical instruments,guiter,745,1,200,38,5,11,This musical instruments item weighs 200 g and measures 38.0 × 5.0 × 11.0 cm making it a great choice for everyday use.,C:\Users\admin\Pictures\thumb-1920-282032.jpg
732bd381ad09e530fe0a5f457d81becb,Cool Stuff,perfume,1272,4,18350,70,24,44,This Cool Stuff item weighs 18350 g and measures 70.0 × 24.0 × 44.0 cm making it a great choice for everyday use.,C:\Users\admin\Pictures\thumb-1920-282032.jpg
2548af3e6e77a690cf3eb6368e9ab61e,Furniture Decoration,art of galaxy,184,2,900,40,8,40,This Furniture Decoration item weighs 900 g and measures 40.0 × 8.0 × 40.0 cm making it a great choice for everyday use.,C:\Users\admin\Pictures\thumb-1920-282032.jpg
37cc742be07708b53a98702e77a21a02,home appliances,jockey,163,1,400,27,13,17,This home appliances item weighs 400 g and measures 27.0 × 13.0 × 17.0 cm making it a great choice for everyday use.,C:\Users\admin\Pictures\thumb-1920-282032.jpg
8c92109888e8cdf9d66dc7e463025574,toys,baby doll,1156,1,600,17,10,12,This toys item weighs 600 g and measures 17.0 × 10.0 × 12.0 cm making it a great choice for everyday use.,C:\Users\admin\Pictures\thumb-1920-282032.jpg
14aa47b7fe5c25522b47b4b29c98dcb9,bed table bath,nightwares,630,1,1100,16,10,16,This bed table bath item weighs 1100 g and measures 16.0 × 10.0 × 16.0 cm making it a great choice for everyday use.,C:\Users\admin\Pictures\thumb-1920-282032.jpg
03b63c5fc16691530586ae020c345514,babies,guiter,728,4,7150,50,19,45,This babies item weighs 7150 g and measures 50.0 × 19.0 × 45.0 cm making it a great choice for everyday use.,C:\Users\admin\Pictures\thumb-1920-282032.jpg
cf55509ea8edaaac1d28fdb16e48fc22,musical instruments,perfume,1827,3,250,17,7,17,This musical instruments item weighs 250 g and measures 17.0 × 7.0 × 17.0 cm making it a great choice for everyday use.,C:\Users\admin\Pictures\thumb-1920-282032.jpg
7bb6f29c2be57716194f96496660c7c2,Furniture Decoration,art of galaxy,2083,2,600,68,11,13,This Furniture Decoration item weighs 600 g and measures 68.0 × 11.0 × 13.0 cm making it a great choice for everyday use.,C:\Users\admin\Pictures\thumb-1920-282032.jpg
eb31436580a610f202c859463d8c7415,CONSTRUCTION SECURITY TOOLS,jockey,1602,4,200,17,7,17,This CONSTRUCTION SECURITY TOOLS item weighs 200 g and measures 17.0 × 7.0 × 17.0 cm making it a great choice for everyday use.,C:\Users\admin\Pictures\thumb-1920-282032.jpg
3bb7f144022e6732727d8d838a7b13b3,sport leisure,baby doll,3021,1,800,16,2,11,This sport leisure item weighs 800 g and measures 16.0 × 2.0 × 11.0 cm making it a great choice for everyday use.,C:\Users\admin\Pictures\thumb-1920-282032.jpg
6a2fb4dd53d2cdb88e0432f1284a004c,perfumery,nightwares,346,2,400,27,5,20,This perfumery item weighs 400 g and measures 27.0 × 5.0 × 20.0 cm making it a great choice for everyday use.,C:\Users\admin\Pictures\thumb-1920-282032.jpg
a1b71017a84f92fd8da4aeefba108a24,computer accessories,guiter,636,1,900,40,15,20,This computer accessories item weighs 900 g and measures 40.0 × 15.0 × 20.0 cm making it a great choice for everyday use.,C:\Users\admin\Pictures\thumb-1920-282032.jpg
a0736b92e52f6cead290e30b578413b6,Furniture Decoration,perfume,296,2,1700,100,7,15,This Furniture Decoration item weighs 1700 g and measures 100.0 × 7.0 × 15.0 cm making it a great choice for everyday use.,C:\Users\admin\Pictures\thumb-1920-282032.jpg
f53103a77d9cf245e579ea37e5ec51f0,bed table bath,art of galaxy,206,1,500,16,10,16,This bed table bath item weighs 500 g and measures 16.0 × 10.0 × 16.0 cm making it a great choice for everyday use.,C:\Users\admin\Pictures\thumb-1920-282032.jpg
1c1890ba1779090cd54008a3c3302921,Furniture Decoration,jockey,158,4,2550,29,24,45,This Furniture Decoration item weighs 2550 g and measures 29.0 × 24.0 × 45.0 cm making it a great choice for everyday use.,C:\Users\admin\Pictures\thumb-1920-282032.jpg
518ef5de2c2b3a255e326a4594ba15d9,bed table bath,baby doll,329,2,800,36,8,16,This bed table bath item weighs 800 g and measures 36.0 × 8.0 × 16.0 cm making it a great choice for everyday use.,C:\Users\admin\Pictures\thumb-1920-282032.jpg
e3e020af31d4d89d2602272b315c3f6e,HEALTH BEAUTY,nightwares,1987,3,75,21,7,13,This HEALTH BEAUTY item weighs 75 g and measures 21.0 × 7.0 × 13.0 cm making it a great choice for everyday use.,C:\Users\admin\Pictures\thumb-1920-282032.jpg
8b41fbc2b984a12030090112324d1bc4,babies,guiter,1627,1,500,20,13,13,This babies item weighs 500 g and measures 20.0 × 13.0 × 13.0 cm making it a great choice for everyday use.,C:\Users\admin\Pictures\thumb-1920-282032.jpg
d03bd02af9fff4b98f1c972315e5e9ef,Furniture Decoration,perfume,209,1,1800,40,10,30,This Furniture Decoration item weighs 1800 g and measures 40.0 × 10.0 × 30.0 cm making it a great choice for everyday use.,C:\Users\admin\Pictures\thumb-1920-282032.jpg
8ba4f2a4ae695d26e5626c1bf710975e,housewares,art of galaxy,968,1,900,50,5,50,This housewares item weighs 900 g and measures 50.0 × 5.0 × 50.0 cm making it a great choice for everyday use.,C:\Users\admin\Pictures\thumb-1920-282032.jpg
f6574524b07d5bb753bab6f35abe2d06,Bags Accessories,jockey,573,5,3600,35,25,50,This Bags Accessories item weighs 3600 g and measures 35.0 × 25.0 × 50.0 cm making it a great choice for everyday use.,C:\Users\admin\Pictures\thumb-1920-282032.jpg
c78b767da00efb70c1bcccab87c28cd5,computer accessories,baby doll,1101,2,300,42,2,30,This computer accessories item weighs 300 g and measures 42.0 × 2.0 × 30.0 cm making it a great choice for everyday use.,C:\Users\admin\Pictures\thumb-1920-282032.jpg
a0253d43394dd4da9a5d7b1f546f1a32,computer accessories,nightwares,1890,2,740,23,13,13,This computer accessories item weighs 740 g and measures 23.0 × 13.0 × 13.0 cm making it a great choice for everyday use.,C:\Users\admin\Pictures\thumb-1920-282032.jpg
051b9ff13dd55c0a6655a15ff296f80d,sport leisure,guiter,529,2,3600,62,23,23,This sport leisure item weighs 3600 g and measures 62.0 × 23.0 × 23.0 cm making it a great choice for everyday use.,C:\Users\admin\Pictures\thumb-1920-282032.jpg
47859fca9dd7485cbd93c3e8993bb74f,bed table bath,perfume,206,1,650,16,10,16,This bed table bath item weighs 650 g and measures 16.0 × 10.0 × 16.0 cm making it a great choice for everyday use.,C:\Users\admin\Pictures\thumb-1920-282032.jpg
e1d1d22e9f8122a4ec1533b032c12562,Garden tools,art of galaxy,1163,9,2150,70,8,34,This Garden tools item weighs 2150 g and measures 70.0 × 8.0 × 34.0 cm making it a great choice for everyday use.,C:\Users\admin\Pictures\thumb-1920-282032.jpg
20e37962088a4061d3578def47a8648b,Furniture Decoration,jockey,208,1,800,40,10,34,This Furniture Decoration item weighs 800 g and measures 40.0 × 10.0 × 34.0 cm making it a great choice for everyday use.,C:\Users\admin\Pictures\thumb-1920-282032.jpg
1eba879220bd0981a0e2fbab499ed4e1,Furniture office,baby doll,476,1,8950,52,51,17,This Furniture office item weighs 8950 g and measures 52.0 × 51.0 × 17.0 cm making it a great choice for everyday use.,C:\Users\admin\Pictures\thumb-1920-282032.jpg
ce5b91848b91118daffb3af53b747475,sport leisure,nightwares,699,4,1388,34,9,31,This sport leisure item weighs 1388 g and measures 34.0 × 9.0 × 31.0 cm making it a great choice for everyday use.,C:\Users\admin\Pictures\thumb-1920-282032.jpg
5370b82a213393979691c98074265584,babies,guiter,708,9,7950,33,30,44,This babies item weighs 7950 g and measures 33.0 × 30.0 × 44.0 cm making it a great choice for everyday use.,C:\Users\admin\Pictures\thumb-1920-282032.jpg
b8dac5113b06a97e64943234522572b9,automotive,perfume,1062,2,6000,87,3,42,This automotive item weighs 6000 g and measures 87.0 × 3.0 × 42.0 cm making it a great choice for everyday use.,C:\Users\admin\Pictures\thumb-1920-282032.jpg
750cf819d127191920eda79a4b6fb479,electronics,art of galaxy,806,1,263,18,12,16,This electronics item weighs 263 g and measures 18.0 × 12.0 × 16.0 cm making it a great choice for everyday use.,C:\Users\admin\Pictures\thumb-1920-282032.jpg
e6af694343b45b56304ad91974a110b9,housewares,jockey,352,1,3900,19,20,15,This housewares item weighs 3900 g and measures 19.0 × 20.0 × 15.0 cm making it a great choice for everyday use.,C:\Users\admin\Pictures\thumb-1920-282032.jpg
680874c570dad71c0a2844cfbf417054,Furniture Decoration,baby doll,502,1,600,25,25,25,This Furniture Decoration item weighs 600 g and measures 25.0 × 25.0 × 25.0 cm making it a great choice for everyday use.,C:\Users\admin\Pictures\thumb-1920-282032.jpg
8b3a9476f74f5297f7ff0ec6d95fe1ea,Furniture Decoration,nightwares,254,2,2050,49,13,41,This Furniture Decoration item weighs 2050 g and measures 49.0 × 13.0 × 41.0 cm making it a great choice for everyday use.,C:\Users\admin\Pictures\thumb-1920-282032.jpg
1c6fb703c624b381a20f21f757694866,toys,guiter,471,2,725,22,17,15,This toys item weighs 725 g and measures 22.0 × 17.0 × 15.0 cm making it a great choice for everyday use.,C:\Users\admin\Pictures\thumb-1920-282032.jpg
db46052aed7dff59ba38cf2fe29b87f9,bed table bath,perfume,509,4,6350,45,15,35,This bed table bath item weighs 6350 g and measures 45.0 × 15.0 × 35.0 cm making it a great choice for everyday use.,C:\Users\admin\Pictures\thumb-1920-282032.jpg
b864b103180d5a6a3f830e67f93e8735,babies,art of galaxy,980,4,600,70,11,11,This babies item weighs 600 g and measures 70.0 × 11.0 × 11.0 cm making it a great choice for everyday use.,C:\Users\admin\Pictures\thumb-1920-282032.jpg
7a8dac4aaa16bc642e4df33adcf03303,Cool Stuff,jockey,1701,2,11750,18,40,79,This Cool Stuff item weighs 11750 g and measures 18.0 × 40.0 × 79.0 cm making it a great choice for everyday use.,C:\Users\admin\Pictures\thumb-1920-282032.jpg
83b9bc6aae6f527ff6aafb9e01d6cbf3,toys,baby doll,866,3,2550,22,32,38,This toys item weighs 2550 g and measures 22.0 × 32.0 × 38.0 cm making it a great choice for everyday use.,C:\Users\admin\Pictures\thumb-1920-282032.jpg
5f504b3a1c75b73d6151be81eb05bdc9,Cool Stuff,nightwares,1176,3,15350,47,40,47,This Cool Stuff item weighs 15350 g and measures 47.0 × 40.0 × 47.0 cm making it a great choice for everyday use.,C:\Users\admin\Pictures\thumb-1920-282032.jpg
bbf920aa6ac72007a726e6f419156f8f,Furniture Decoration,guiter,303,2,1300,25,16,25,This Furniture Decoration item weighs 1300 g and measures 25.0 × 16.0 × 25.0 cm making it a great choice for everyday use.,C:\Users\admin\Pictures\thumb-1920-282032.jpg
c3b7e4d83e530c27a8e6368296aece48,Furniture Decoration,perfume,1972,2,850,69,11,11,This Furniture Decoration item weighs 850 g and measures 69.0 × 11.0 × 11.0 cm making it a great choice for everyday use.,C:\Users\admin\Pictures\thumb-1920-282032.jpg
c5d8079278e912d7e3b6beb48ecb56e8,HEALTH BEAUTY,art of galaxy,330,1,1300,19,28,17,This HEALTH BEAUTY item weighs 1300 g and measures 19.0 × 28.0 × 17.0 cm making it a great choice for everyday use.,C:\Users\admin\Pictures\thumb-1920-282032.jpg
5eaa343860dc445b3fd43d1b682809fd,sport leisure,jockey,3218,5,4800,60,30,15,This sport leisure item weighs 4800 g and measures 60.0 × 30.0 × 15.0 cm making it a great choice for everyday use.,C:\Users\admin\Pictures\thumb-1920-282032.jpg
b5cfb1d3c5e435a7a52227e08f220ee7,Cool Stuff,baby doll,410,2,1300,36,16,24,This Cool Stuff item weighs 1300 g and measures 36.0 × 16.0 × 24.0 cm making it a great choice for everyday use.,C:\Users\admin\Pictures\thumb-1920-282032.jpg
334479e94cba98064050db1c9636e244,automotive,nightwares,311,1,220,18,14,17,This automotive item weighs 220 g and measures 18.0 × 14.0 × 17.0 cm making it a great choice for everyday use.,C:\Users\admin\Pictures\thumb-1920-282032.jpg
3fcd8dfe610c62edfb51de2630cd9ef4,babies,guiter,509,4,5700,41,17,49,This babies item weighs 5700 g and measures 41.0 × 17.0 × 49.0 cm making it a great choice for everyday use.,C:\Users\admin\Pictures\thumb-1920-282032.jpg
4c8056caed5757810b9a68b83c3759e6,Bags Accessories,perfume,1291,2,450,20,40,30,This Bags Accessories item weighs 450 g and measures 20.0 × 40.0 × 30.0 cm making it a great choice for everyday use.,C:\Users\admin\Pictures\thumb-1920-282032.jpg
30e77af9e7759bbaa0305d2fbc605dc4,Fashion Calcados,art of galaxy,402,2,2000,32,12,37,This Fashion Calcados item weighs 2000 g and measures 32.0 × 12.0 × 37.0 cm making it a great choice for everyday use.,C:\Users\admin\Pictures\thumb-1920-282032.jpg
92bf5d2084dfbcb57d9db7838bac5cd0,telephony,jockey,427,2,100,19,3,11,This telephony item weighs 100 g and measures 19.0 × 3.0 × 11.0 cm making it a great choice for everyday use.,C:\Users\admin\Pictures\thumb-1920-282032.jpg
fdeb34a9f03fea7c3937dd62d1d0287e,Cool Stuff,baby doll,1252,1,1100,30,20,23,This Cool Stuff item weighs 1100 g and measures 30.0 × 20.0 × 23.0 cm making it a great choice for everyday use.,C:\Users\admin\Pictures\thumb-1920-282032.jpg
1065dbb6b0bf03daaedab1236979e296,stationary store,nightwares,488,3,1400,38,40,39,This stationary store item weighs 1400 g and measures 38.0 × 40.0 × 39.0 cm making it a great choice for everyday use.,C:\Users\admin\Pictures\thumb-1920-282032.jpg
0d826eba8e0a2ae3bca9e3a947dd756d,toys,guiter,423,4,250,20,14,12,This toys item weighs 250 g and measures 20.0 × 14.0 × 12.0 cm making it a great choice for everyday use.,C:\Users\admin\Pictures\thumb-1920-282032.jpg
f8f6fd145cc00519283cf3100477b2b3,sport leisure,perfume,956,1,1050,25,20,14,This sport leisure item weighs 1050 g and measures 25.0 × 20.0 × 14.0 cm making it a great choice for everyday use.,C:\Users\admin\Pictures\thumb-1920-282032.jpg
4e04ffb7dd3739ecfc37de8927dd586c,stationary store,art of galaxy,144,1,500,24,7,16,This stationary store item weighs 500 g and measures 24.0 × 7.0 × 16.0 cm making it a great choice for everyday use.,C:\Users\admin\Pictures\thumb-1920-282032.jpg
36555a2f528d7b2a255c504191445d39,HEALTH BEAUTY,jockey,1069,1,1467,23,16,20,This HEALTH BEAUTY item weighs 1467 g and measures 23.0 × 16.0 × 20.0 cm making it a great choice for everyday use.,C:\Users\admin\Pictures\thumb-1920-282032.jpg
22937a73f92a33040ab4e2540355a5d8,Fashion Bags and Accessories,baby doll,554,3,100,16,5,11,This Fashion Bags and Accessories item weighs 100 g and measures 16.0 × 5.0 × 11.0 cm making it a great choice for everyday use.,C:\Users\admin\Pictures\thumb-1920-282032.jpg
dc21247da0290904ffbbcd5953c76f95,stationary store,nightwares,92,1,100,16,5,16,This stationary store item weighs 100 g and measures 16.0 × 5.0 × 16.0 cm making it a great choice for everyday use.,C:\Users\admin\Pictures\thumb-1920-282032.jpg
9020ce7adcc384b2899ae87ddc54767b,stationary store,guiter,198,2,300,23,7,15,This stationary store item weighs 300 g and measures 23.0 × 7.0 × 15.0 cm making it a great choice for everyday use.,C:\Users\admin\Pictures\thumb-1920-282032.jpg
bfc1d1c62b1f7f401d8d9dda962bb870,sport leisure,perfume,255,2,950,60,15,15,This sport leisure item weighs 950 g and measures 60.0 × 15.0 × 15.0 cm making it a great choice for everyday use.,C:\Users\admin\Pictures\thumb-1920-282032.jpg
6fef6d87bb6c2eb11d57a967209219a8,Garden tools,art of galaxy,200,1,250,17,3,11,This Garden tools item weighs 250 g and measures 17.0 × 3.0 × 11.0 cm making it a great choice for everyday use.,C:\Users\admin\Pictures\thumb-1920-282032.jpg
1e5428c428e0f783acd6e3d94ba4ee2a,PCs,jockey,1067,1,12000,27,50,53,This PCs item weighs 12000 g and measures 27.0 × 50.0 × 53.0 cm making it a great choice for everyday use.,C:\Users\admin\Pictures\thumb-1920-282032.jpg
94080f9219044d897195e2be145945dc,automotive,baby doll,1543,6,921,17,9,16,This automotive item weighs 921 g and measures 17.0 × 9.0 × 16.0 cm making it a great choice for everyday use.,C:\Users\admin\Pictures\thumb-1920-282032.jpg
d0389f20b3d11de54e1e4561df147683,Casa Construcao,nightwares,1441,1,10000,60,25,25,This Casa Construcao item weighs 10000 g and measures 60.0 × 25.0 × 25.0 cm making it a great choice for everyday use.,C:\Users\admin\Pictures\thumb-1920-282032.jpg
3e9b58f1436820c248d3f98d7229bb14,Watches present,guiter,489,2,250,16,11,11,This Watches present item weighs 250 g and measures 16.0 × 11.0 × 11.0 cm making it a great choice for everyday use.,C:\Users\admin\Pictures\thumb-1920-282032.jpg
575c38b4c88fc7b35ef22fc8312bfe1b,Cool Stuff,perfume,992,3,1200,44,20,20,This Cool Stuff item weighs 1200 g and measures 44.0 × 20.0 × 20.0 cm making it a great choice for everyday use.,C:\Users\admin\Pictures\thumb-1920-282032.jpg
556702ebb73d3786a852ad3d5a8ad268,Construction Tools Construction,art of galaxy,339,1,4800,25,8,25,This Construction Tools Construction item weighs 4800 g and measures 25.0 × 8.0 × 25.0 cm making it a great choice for everyday use.,C:\Users\admin\Pictures\thumb-1920-282032.jpg
a3a03c131926ec14d4c9f3ef03016b24,pet Shop,jockey,463,1,700,40,20,20,This pet Shop item weighs 700 g and measures 40.0 × 20.0 × 20.0 cm making it a great choice for everyday use.,C:\Users\admin\Pictures\thumb-1920-282032.jpg
e586ebb6022265ae1eea38f46ffe3ead,HEALTH BEAUTY,baby doll,1469,3,1050,18,21,27,This HEALTH BEAUTY item weighs 1050 g and measures 18.0 × 21.0 × 27.0 cm making it a great choice for everyday use.,C:\Users\admin\Pictures\thumb-1920-282032.jpg
278b3c6462e86b4556b99989513ddf73,electrostile,nightwares,587,3,350,20,20,20,This electrostile item weighs 350 g and measures 20.0 × 20.0 × 20.0 cm making it a great choice for everyday use.,C:\Users\admin\Pictures\thumb-1920-282032.jpg
0d009643171aee696f4733340bc2fdd0,perfumery,guiter,150,1,422,21,16,18,This perfumery item weighs 422 g and measures 21.0 × 16.0 × 18.0 cm making it a great choice for everyday use.,C:\Users\admin\Pictures\thumb-1920-282032.jpg
be1be330cf34043d1c40d6114cbd11b5,Watches present,perfume,484,1,317,19,13,16,This Watches present item weighs 317 g and measures 19.0 × 13.0 × 16.0 cm making it a great choice for everyday use.,C:\Users\admin\Pictures\thumb-1920-282032.jpg
07f01b6fcacc1b187a71e5074199db2d,Agro Industria e Comercio,art of galaxy,430,1,16400,63,66,56,This Agro Industria e Comercio item weighs 16400 g and measures 63.0 × 66.0 × 56.0 cm making it a great choice for everyday use.,C:\Users\admin\Pictures\thumb-1920-282032.jpg
75b4372e69a42f8ae1d908c076f547b2,HEALTH BEAUTY,jockey,1313,1,938,29,22,23,This HEALTH BEAUTY item weighs 938 g and measures 29.0 × 22.0 × 23.0 cm making it a great choice for everyday use.,C:\Users\admin\Pictures\thumb-1920-282032.jpg
3569d4374a919941a50f57371b1dc93d,HEALTH BEAUTY,baby doll,1168,1,2700,21,16,31,This HEALTH BEAUTY item weighs 2700 g and measures 21.0 × 16.0 × 31.0 cm making it a great choice for everyday use.,C:\Users\admin\Pictures\thumb-1920-282032.jpg
a3c95dc653d9a279b160bc0179385ed1,bed table bath,nightwares,1146,1,1750,30,18,30,This bed table bath item weighs 1750 g and measures 30.0 × 18.0 × 30.0 cm making it a great choice for everyday use.,C:\Users\admin\Pictures\thumb-1920-282032.jpg
0992c6cba95a13bfa68ea7d5e22d478b,Garden tools,guiter,671,1,3850,29,12,24,This Garden tools item weighs 3850 g and measures 29.0 × 12.0 × 24.0 cm making it a great choice for everyday use.,C:\Users\admin\Pictures\thumb-1920-282032.jpg
b1eae565a61935e0011ee7682fef9dc9,perfumery,perfume,460,2,267,17,13,17,This perfumery item weighs 267 g and measures 17.0 × 13.0 × 17.0 cm making it a great choice for everyday use.,C:\Users\admin\Pictures\thumb-1920-282032.jpg
2734390ee304b0f4817b3c233094fc16,musical instruments,art of galaxy,2367,3,16200,55,40,40,This musical instruments item weighs 16200 g and measures 55.0 × 40.0 × 40.0 cm making it a great choice for everyday use.,C:\Users\admin\Pictures\thumb-1920-282032.jpg
32ee3f4e2493045726807808d7abbab6,bed table bath,jockey,381,2,1400,38,9,27,This bed table bath item weighs 1400 g and measures 38.0 × 9.0 × 27.0 cm making it a great choice for everyday use.,C:\Users\admin\Pictures\thumb-1920-282032.jpg
c2367eda4f9623d0355dc5d7796d857a,bed table bath,baby doll,607,1,6450,100,10,11,This bed table bath item weighs 6450 g and measures 100.0 × 10.0 × 11.0 cm making it a great choice for everyday use.,C:\Users\admin\Pictures\thumb-1920-282032.jpg
7f34b85142d1ef9e077a0da9ada27385,Furniture Decoration,nightwares,1750,3,2300,105,3,70,This Furniture Decoration item weighs 2300 g and measures 105.0 × 3.0 × 70.0 cm making it a great choice for everyday use.,C:\Users\admin\Pictures\thumb-1920-282032.jpg
c478b1bbf9ec8c5691f37ccb83187386,computer accessories,guiter,163,2,300,25,8,18,This computer accessories item weighs 300 g and measures 25.0 × 8.0 × 18.0 cm making it a great choice for everyday use.,C:\Users\admin\Pictures\thumb-1920-282032.jpg
f9ecf420c38b90a8af8e7f70fd789264,sport leisure,perfume,101,1,600,50,10,12,This sport leisure item weighs 600 g and measures 50.0 × 10.0 × 12.0 cm making it a great choice for everyday use.,C:\Users\admin\Pictures\thumb-1920-282032.jpg
3a6a0247ced9dcb444b46caafdcdd368,HEALTH BEAUTY,art of galaxy,2497,1,3600,20,20,20,This HEALTH BEAUTY item weighs 3600 g and measures 20.0 × 20.0 × 20.0 cm making it a great choice for everyday use.,C:\Users\admin\Pictures\thumb-1920-282032.jpg
adf591c625cb265c12bc6749d3a2f757,HEALTH BEAUTY,jockey,1146,6,150,20,24,33,This HEALTH BEAUTY item weighs 150 g and measures 20.0 × 24.0 × 33.0 cm making it a great choice for everyday use.,C:\Users\admin\Pictures\thumb-1920-282032.jpg
3e0f398b664b26e3224c79dbf435191f,sport leisure,baby doll,900,4,400,16,4,11,This sport leisure item weighs 400 g and measures 16.0 × 4.0 × 11.0 cm making it a great choice for everyday use.,C:\Users\admin\Pictures\thumb-1920-282032.jpg
64c8f1a52b407d92518a1f8b79240a70,telephony,nightwares,319,1,100,18,6,11,This telephony item weighs 100 g and measures 18.0 × 6.0 × 11.0 cm making it a great choice for everyday use.,C:\Users\admin\Pictures\thumb-1920-282032.jpg
af16005fca813272caf59c432153949e,Furniture Decoration,guiter,1186,2,800,53,8,20,This Furniture Decoration item weighs 800 g and measures 53.0 × 8.0 × 20.0 cm making it a great choice for everyday use.,C:\Users\admin\Pictures\thumb-1920-282032.jpg
e6a1ff3552ba3305c1cf0a4dde50347f,automotive,perfume,703,6,5250,47,19,23,This automotive item weighs 5250 g and measures 47.0 × 19.0 × 23.0 cm making it a great choice for everyday use.,C:\Users\admin\Pictures\thumb-1920-282032.jpg
d8a405c732027a2af3187b031890933d,automotive,art of galaxy,361,1,200,35,4,26,This automotive item weighs 200 g and measures 35.0 × 4.0 × 26.0 cm making it a great choice for everyday use.,C:\Users\admin\Pictures\thumb-1920-282032.jpg
ce94e3c41145e28428cdae952a1fd7f2,Watches present,jockey,899,2,335,17,11,12,This Watches present item weighs 335 g and measures 17.0 × 11.0 × 12.0 cm making it a great choice for everyday use.,C:\Users\admin\Pictures\thumb-1920-282032.jpg
3f0f8de616df6efb39a48f3c64eea974,bed table bath,baby doll,701,1,1300,50,12,12,This bed table bath item weighs 1300 g and measures 50.0 × 12.0 × 12.0 cm making it a great choice for everyday use.,C:\Users\admin\Pictures\thumb-1920-282032.jpg
6ddc95e87149457c4c5177b0a474a9ba,Furniture Decoration,nightwares,1405,3,150,35,2,25,This Furniture Decoration item weighs 150 g and measures 35.0 × 2.0 × 25.0 cm making it a great choice for everyday use.,C:\Users\admin\Pictures\thumb-1920-282032.jpg
a2e2851eae0aebb8ee4df32348b42e2b,computer accessories,guiter,504,3,367,16,4,11,This computer accessories item weighs 367 g and measures 16.0 × 4.0 × 11.0 cm making it a great choice for everyday use.,C:\Users\admin\Pictures\thumb-1920-282032.jpg
723f62c36c298037716bf60c0ad0df3a,Watches present,perfume,276,4,250,16,2,11,This Watches present item weighs 250 g and measures 16.0 × 2.0 × 11.0 cm making it a great choice for everyday use.,C:\Users\admin\Pictures\thumb-1920-282032.jpg
b2b3503e675abbc07e278151da072ed2,Furniture Decoration,art of galaxy,287,1,8500,75,25,55,This Furniture Decoration item weighs 8500 g and measures 75.0 × 25.0 × 55.0 cm making it a great choice for everyday use.,C:\Users\admin\Pictures\thumb-1920-282032.jpg
c18c01e09509a509e2b88d3ed40c580e,babies,jockey,1039,1,2150,42,25,15,This babies item weighs 2150 g and measures 42.0 × 25.0 × 15.0 cm making it a great choice for everyday use.,C:\Users\admin\Pictures\thumb-1920-282032.jpg
a41e356c76fab66334f36de622ecbd3a,,baby doll,,,650,17,14,12,This product weighs 650 g and measures 17.0 × 14.0 × 12.0 cm making it a great choice for everyday use.,C:\Users\admin\Pictures\thumb-1920-282032.jpg
e7cad5e8ed9b92e788262ad710c33bd0,sport leisure,nightwares,663,4,150,16,5,11,This sport leisure item weighs 150 g and measures 16.0 × 5.0 × 11.0 cm making it a great choice for everyday use.,C:\Users\admin\Pictures\thumb-1920-282032.jpg
c33d78b97260227119fb2b71be168fca,bed table bath,guiter,170,1,650,27,10,22,This bed table bath item weighs 650 g and measures 27.0 × 10.0 × 22.0 cm making it a great choice for everyday use.,C:\Users\admin\Pictures\thumb-1920-282032.jpg
e8fd6f481db77b847e7ab93fa1510e7e,electrostile,perfume,794,4,2700,20,26,32,This electrostile item weighs 2700 g and measures 20.0 × 26.0 × 32.0 cm making it a great choice for everyday use.,C:\Users\admin\Pictures\thumb-1920-282032.jpg
67bea89008edcb996cfe4e3d062b62a8,housewares,art of galaxy,414,1,1200,23,22,16,This housewares item weighs 1200 g and measures 23.0 × 22.0 × 16.0 cm making it a great choice for everyday use.,C:\Users\admin\Pictures\thumb-1920-282032.jpg
e8e86cbab028363545a5bf0ca5e226ee,Room Furniture,jockey,312,2,6050,55,10,46,This Room Furniture item weighs 6050 g and measures 55.0 × 10.0 × 46.0 cm making it a great choice for everyday use.,C:\Users\admin\Pictures\thumb-1920-282032.jpg
c12b64bf0861a27e0f06c36ef82f457d,sport leisure,baby doll,425,1,150,16,6,11,This sport leisure item weighs 150 g and measures 16.0 × 6.0 × 11.0 cm making it a great choice for everyday use.,C:\Users\admin\Pictures\thumb-1920-282032.jpg
6f0169f259bb0ff432bfff7d829b9946,Casa Construcao,nightwares,918,6,1050,16,20,16,This Casa Construcao item weighs 1050 g and measures 16.0 × 20.0 × 16.0 cm making it a great choice for everyday use.,C:\Users\admin\Pictures\thumb-1920-282032.jpg
b6f3b8136ba8302906df7e11ff908751,pet Shop,guiter,617,1,1350,23,7,30,This pet Shop item weighs 1350 g and measures 23.0 × 7.0 × 30.0 cm making it a great choice for everyday use.,C:\Users\admin\Pictures\thumb-1920-282032.jpg
2be2be0a6a5916840503fdf50808ebcb,housewares,perfume,270,1,600,36,6,19,This housewares item weighs 600 g and measures 36.0 × 6.0 × 19.0 cm making it a great choice for everyday use.,C:\Users\admin\Pictures\thumb-1920-282032.jpg
8efa775719397f78f79c8e5c7b0afbd4,Furniture Decoration,art of galaxy,275,1,1000,30,18,18,This Furniture Decoration item weighs 1000 g and measures 30.0 × 18.0 × 18.0 cm making it a great choice for everyday use.,C:\Users\admin\Pictures\thumb-1920-282032.jpg
9e87e3ee09baee5f5c0513ff37bc60ab,bed table bath,jockey,381,2,1550,43,8,33,This bed table bath item weighs 1550 g and measures 43.0 × 8.0 × 33.0 cm making it a great choice for everyday use.,C:\Users\admin\Pictures\thumb-1920-282032.jpg
a0abcee0132a5aed003d98e459b37698,bed table bath,baby doll,223,1,2700,45,13,35,This bed table bath item weighs 2700 g and measures 45.0 × 13.0 × 35.0 cm making it a great choice for everyday use.,C:\Users\admin\Pictures\thumb-1920-282032.jpg
7f6308ba4057a6a740af7b4dcfb79c13,telephony,nightwares,1930,9,200,19,5,11,This telephony item weighs 200 g and measures 19.0 × 5.0 × 11.0 cm making it a great choice for everyday use.,C:\Users\admin\Pictures\thumb-1920-282032.jpg
1eb4a9aee05c9cad041e09add2a26d68,Bags Accessories,guiter,244,1,800,38,8,28,This Bags Accessories item weighs 800 g and measures 38.0 × 8.0 × 28.0 cm making it a great choice for everyday use.,C:\Users\admin\Pictures\thumb-1920-282032.jpg
8da90b37f0fb171b4877c124f965b1f6,perfumery,perfume,733,3,377,18,13,15,This perfumery item weighs 377 g and measures 18.0 × 13.0 × 15.0 cm making it a great choice for everyday use.,C:\Users\admin\Pictures\thumb-1920-282032.jpg
712a72a78ffb66cb6eee87eebbf54519,sport leisure,art of galaxy,1049,3,400,45,22,43,This sport leisure item weighs 400 g and measures 45.0 × 22.0 × 43.0 cm making it a great choice for everyday use.,C:\Users\admin\Pictures\thumb-1920-282032.jpg
c5fb7fbe39f4e09e048ffbc5b28db49a,SIGNALIZATION AND SAFETY,jockey,1212,1,450,16,5,16,This SIGNALIZATION AND SAFETY item weighs 450 g and measures 16.0 × 5.0 × 16.0 cm making it a great choice for everyday use.,C:\Users\admin\Pictures\thumb-1920-282032.jpg
f17b05cc8a7651896df8c30884200e9a,climatization,baby doll,547,1,2000,32,51,16,This climatization item weighs 2000 g and measures 32.0 × 51.0 × 16.0 cm making it a great choice for everyday use.,C:\Users\admin\Pictures\thumb-1920-282032.jpg
55ec10b39713ee81ee2c5bcb558cf866,Fashion Bags and Accessories,nightwares,1398,1,300,16,2,11,This Fashion Bags and Accessories item weighs 300 g and measures 16.0 × 2.0 × 11.0 cm making it a great choice for everyday use.,C:\Users\admin\Pictures\thumb-1920-282032.jpg
c190c4fe582c5b7ffff586506de83f01,Furniture Decoration,guiter,160,1,250,26,14,14,This Furniture Decoration item weighs 250 g and measures 26.0 × 14.0 × 14.0 cm making it a great choice for everyday use.,C:\Users\admin\Pictures\thumb-1920-282032.jpg
f908df99196805b5bc4ada9ef510b11b,sport leisure,perfume,245,2,1950,60,15,15,This sport leisure item weighs 1950 g and measures 60.0 × 15.0 × 15.0 cm making it a great choice for everyday use.,C:\Users\admin\Pictures\thumb-1920-282032.jpg
ac5bae85a895724330c4acddd581b02b,telephony,art of galaxy,1254,2,500,16,15,11,This telephony item weighs 500 g and measures 16.0 × 15.0 × 11.0 cm making it a great choice for everyday use.,C:\Users\admin\Pictures\thumb-1920-282032.jpg
d8dee61c2034d6d075997acef1870e9b,,jockey,,,300,16,7,20,This product weighs 300 g and measures 16.0 × 7.0 × 20.0 cm making it a great choice for everyday use.,C:\Users\admin\Pictures\thumb-1920-282032.jpg
cbaff83e2c00a2b731d27276bbf52082,Art,baby doll,1431,6,7900,70,15,70,This Art item weighs 7900 g and measures 70.0 × 15.0 × 70.0 cm making it a great choice for everyday use.,C:\Users\admin\Pictures\thumb-1920-282032.jpg
ad67f74682943e3857eebf3ca2538d1a,bed table bath,nightwares,261,2,1800,41,9,34,This bed table bath item weighs 1800 g and measures 41.0 × 9.0 × 34.0 cm making it a great choice for everyday use.,C:\Users\admin\Pictures\thumb-1920-282032.jpg
1e12f1836c1f08b25ef78fcdf76fbf08,Garden tools,guiter,884,1,900,37,3,23,This Garden tools item weighs 900 g and measures 37.0 × 3.0 × 23.0 cm making it a great choice for everyday use.,C:\Users\admin\Pictures\thumb-1920-282032.jpg
acd427ee119d5c71c7a85ae488cb0a6a,Fashion Bags and Accessories,perfume,68,7,200,16,2,11,This Fashion Bags and Accessories item weighs 200 g and measures 16.0 × 2.0 × 11.0 cm making it a great choice for everyday use.,C:\Users\admin\Pictures\thumb-1920-282032.jpg
60cf4effb6947283fa638d570bd07318,babies,art of galaxy,410,4,4500,80,70,28,This babies item weighs 4500 g and measures 80.0 × 70.0 × 28.0 cm making it a great choice for everyday use.,C:\Users\admin\Pictures\thumb-1920-282032.jpg
51fed4afb1b41d00ad9d25a73b7fbbc7,Games consoles,jockey,303,3,250,21,7,15,This Games consoles item weighs 250 g and measures 21.0 × 7.0 × 15.0 cm making it a great choice for everyday use.,C:\Users\admin\Pictures\thumb-1920-282032.jpg
bb09cce52b336261572a5a7e25a33795,housewares,baby doll,943,1,550,16,25,12,This housewares item weighs 550 g and measures 16.0 × 25.0 × 12.0 cm making it a great choice for everyday use.,C:\Users\admin\Pictures\thumb-1920-282032.jpg
65a6462e42e05ab3b8dc613566736825,Bags Accessories,nightwares,540,4,1100,39,12,28,This Bags Accessories item weighs 1100 g and measures 39.0 × 12.0 × 28.0 cm making it a great choice for everyday use.,C:\Users\admin\Pictures\thumb-1920-282032.jpg
f2396540fbfac27b5117f0dbd6744b50,bed table bath,guiter,222,1,3600,40,20,40,This bed table bath item weighs 3600 g and measures 40.0 × 20.0 × 40.0 cm making it a great choice for everyday use.,C:\Users\admin\Pictures\thumb-1920-282032.jpg
70d1bd3a042448105a71d0b41ecbc96b,Games consoles,perfume,235,1,100,16,3,11,This Games consoles item weighs 100 g and measures 16.0 × 3.0 × 11.0 cm making it a great choice for everyday use.,C:\Users\admin\Pictures\thumb-1920-282032.jpg
0075c14603d80515e20908c156ceb47b,sport leisure,art of galaxy,329,2,150,16,18,16,This sport leisure item weighs 150 g and measures 16.0 × 18.0 × 16.0 cm making it a great choice for everyday use.,C:\Users\admin\Pictures\thumb-1920-282032.jpg
5a42f73d92034010a4e00360fb0df099,sport leisure,jockey,144,1,3775,18,13,16,This sport leisure item weighs 3775 g and measures 18.0 × 13.0 × 16.0 cm making it a great choice for everyday use.,C:\Users\admin\Pictures\thumb-1920-282032.jpg
bcd58b852a3b0152b6b384c4e4474ba2,Cool Stuff,baby doll,797,2,1400,25,20,20,This Cool Stuff item weighs 1400 g and measures 25.0 × 20.0 × 20.0 cm making it a great choice for everyday use.,C:\Users\admin\Pictures\thumb-1920-282032.jpg
2bfb0bdbcea77da2879f0ef3be9a219e,Games consoles,nightwares,439,5,900,22,7,18,This Games consoles item weighs 900 g and measures 22.0 × 7.0 × 18.0 cm making it a great choice for everyday use.,C:\Users\admin\Pictures\thumb-1920-282032.jpg
87fb220044e9aca16fbec51c6c997aa0,Watches present,guiter,438,2,250,20,12,20,This Watches present item weighs 250 g and measures 20.0 × 12.0 × 20.0 cm making it a great choice for everyday use.,C:\Users\admin\Pictures\thumb-1920-282032.jpg
484bf1dff778a416389aafd0dee1cb11,toys,perfume,852,1,350,21,9,16,This toys item weighs 350 g and measures 21.0 × 9.0 × 16.0 cm making it a great choice for everyday use.,C:\Users\admin\Pictures\thumb-1920-282032.jpg
56139431d72cd51f19eb9f7dae4d1617,,art of galaxy,,,200,20,20,20,This product weighs 200 g and measures 20.0 × 20.0 × 20.0 cm making it a great choice for everyday use.,C:\Users\admin\Pictures\thumb-1920-282032.jpg
3cef8174403f4fdedbf24fa67fa9f132,babies,jockey,805,3,1800,18,32,27,This babies item weighs 1800 g and measures 18.0 × 32.0 × 27.0 cm making it a great choice for everyday use.,C:\Users\admin\Pictures\thumb-1920-282032.jpg
003938452c98ff9ab28e9e7b4bfe97ab,Room Furniture,baby doll,420,2,5050,50,8,50,This Room Furniture item weighs 5050 g and measures 50.0 × 8.0 × 50.0 cm making it a great choice for everyday use.,C:\Users\admin\Pictures\thumb-1920-282032.jpg
8d6cb00151d423c52855385c89f0bae8,automotive,nightwares,386,1,27100,50,50,50,This automotive item weighs 27100 g and measures 50.0 × 50.0 × 50.0 cm making it a great choice for everyday use.,C:\Users\admin\Pictures\thumb-1920-282032.jpg
5877301b00f95e3c6118738b293dfab3,home appliances,guiter,273,1,1500,65,8,38,This home appliances item weighs 1500 g and measures 65.0 × 8.0 × 38.0 cm making it a great choice for everyday use.,C:\Users\admin\Pictures\thumb-1920-282032.jpg
e0bbe6292471ff5ab3752414baf78111,Watches present,perfume,572,2,500,16,11,11,This Watches present item weighs 500 g and measures 16.0 × 11.0 × 11.0 cm making it a great choice for everyday use.,C:\Users\admin\Pictures\thumb-1920-282032.jpg
dd768d259ee6054e0dadd66c8e2be0b6,bed table bath,art of galaxy,700,2,350,16,10,16,This bed table bath item weighs 350 g and measures 16.0 × 10.0 × 16.0 cm making it a great choice for everyday use.,C:\Users\admin\Pictures\thumb-1920-282032.jpg
fc2edee55f4118969f4dc49f7a717605,automotive,jockey,1548,3,500,16,12,17,This automotive item weighs 500 g and measures 16.0 × 12.0 × 17.0 cm making it a great choice for everyday use.,C:\Users\admin\Pictures\thumb-1920-282032.jpg
b521fddf2c8a7e7d1791bfb3c1b2f278,sport leisure,baby doll,448,1,1000,20,20,20,This sport leisure item weighs 1000 g and measures 20.0 × 20.0 × 20.0 cm making it a great choice for everyday use.,C:\Users\admin\Pictures\thumb-1920-282032.jpg
46b48281eb6d663ced748f324108c733,,nightwares,,,18500,41,30,41,This product weighs 18500 g and measures 41.0 × 30.0 × 41.0 cm making it a great choice for everyday use.,C:\Users\admin\Pictures\thumb-1920-282032.jpg
db7e6804f1a8206a7e51c9a741a09d9e,toys,guiter,410,2,300,24,11,24,This toys item weighs 300 g and measures 24.0 × 11.0 × 24.0 cm making it a great choice for everyday use.,C:\Users\admin\Pictures\thumb-1920-282032.jpg
50556c630443502c11acde1c320fe278,HEALTH BEAUTY,perfume,257,1,250,16,2,20,This HEALTH BEAUTY item weighs 250 g and measures 16.0 × 2.0 × 20.0 cm making it a great choice for everyday use.,C:\Users\admin\Pictures\thumb-1920-282032.jpg
88d2c501ec765f5d7e8038fa6aab0e62,HEALTH BEAUTY,art of galaxy,863,1,10700,40,40,40,This HEALTH BEAUTY item weighs 10700 g and measures 40.0 × 40.0 × 40.0 cm making it a great choice for everyday use.,C:\Users\admin\Pictures\thumb-1920-282032.jpg
722fb67c17907e21734449c091420bf5,housewares,jockey,290,1,1700,32,21,22,This housewares item weighs 1700 g and measures 32.0 × 21.0 × 22.0 cm making it a great choice for everyday use.,C:\Users\admin\Pictures\thumb-1920-282032.jpg
43b6d9e46e1e6b8ac743a1c31e462937,Garden tools,baby doll,680,1,7700,39,28,25,This Garden tools item weighs 7700 g and measures 39.0 × 28.0 × 25.0 cm making it a great choice for everyday use.,C:\Users\admin\Pictures\thumb-1920-282032.jpg
1ffe365aa7583189e63f2fa4f060b269,sport leisure,nightwares,785,4,5200,20,60,35,This sport leisure item weighs 5200 g and measures 20.0 × 60.0 × 35.0 cm making it a great choice for everyday use.,C:\Users\admin\Pictures\thumb-1920-282032.jpg
3014e35fd70fce29095ced5cdc89f4ce,telephony,guiter,244,1,125,17,10,14,This telephony item weighs 125 g and measures 17.0 × 10.0 × 14.0 cm making it a great choice for everyday use.,C:\Users\admin\Pictures\thumb-1920-282032.jpg
e869d449cc32881790ef9af9b4c670f8,Furniture office,perfume,2220,1,15700,58,28,58,This Furniture office item weighs 15700 g and measures 58.0 × 28.0 × 58.0 cm making it a great choice for everyday use.,C:\Users\admin\Pictures\thumb-1920-282032.jpg
a1b3a75aaaee5c9a683f2266c088f720,Watches present,art of galaxy,599,2,350,16,11,11,This Watches present item weighs 350 g and measures 16.0 × 11.0 × 11.0 cm making it a great choice for everyday use.,C:\Users\admin\Pictures\thumb-1920-282032.jpg
7fdbc1ecf5fdf5c98d9b14e110133eb3,sport leisure,jockey,649,1,213,16,10,13,This sport leisure item weighs 213 g and measures 16.0 × 10.0 × 13.0 cm making it a great choice for everyday use.,C:\Users\admin\Pictures\thumb-1920-282032.jpg
15b3d40f375c0645c1eed4ed1cd8e17a,Fashion Bags and Accessories,baby doll,401,3,150,16,11,11,This Fashion Bags and Accessories item weighs 150 g and measures 16.0 × 11.0 × 11.0 cm making it a great choice for everyday use.,C:\Users\admin\Pictures\thumb-1920-282032.jpg
1cf39a397efa955b102a52ee7ec5531c,automotive,nightwares,907,3,18200,56,15,15,This automotive item weighs 18200 g and measures 56.0 × 15.0 × 15.0 cm making it a great choice for everyday use.,C:\Users\admin\Pictures\thumb-1920-282032.jpg
f9471562478eba8761bc985b968a0092,housewares,guiter,390,1,850,18,21,15,This housewares item weighs 850 g and measures 18.0 × 21.0 × 15.0 cm making it a great choice for everyday use.,C:\Users\admin\Pictures\thumb-1920-282032.jpg
e96bac5656eaec25f3d76757fa16d9d3,Casa Construcao,perfume,918,6,1050,16,20,16,This Casa Construcao item weighs 1050 g and measures 16.0 × 20.0 × 16.0 cm making it a great choice for everyday use.,C:\Users\admin\Pictures\thumb-1920-282032.jpg
16b06ede456b922e56fbb4b3818aa875,Fashion Bags and Accessories,art of galaxy,382,5,200,16,9,11,This Fashion Bags and Accessories item weighs 200 g and measures 16.0 × 9.0 × 11.0 cm making it a great choice for everyday use.,C:\Users\admin\Pictures\thumb-1920-282032.jpg
c7147724cd430269c6296fc758c0a086,housewares,jockey,42,1,300,16,15,11,This housewares item weighs 300 g and measures 16.0 × 15.0 × 11.0 cm making it a great choice for everyday use.,C:\Users\admin\Pictures\thumb-1920-282032.jpg
dbb399a8be7395d5b136d49fcdce13df,computer accessories,baby doll,764,1,200,23,9,13,This computer accessories item weighs 200 g and measures 23.0 × 9.0 × 13.0 cm making it a great choice for everyday use.,C:\Users\admin\Pictures\thumb-1920-282032.jpg
ed46d1fbd7bf78ce79910c09fb892abb,sport leisure,nightwares,406,1,800,20,25,25,This sport leisure item weighs 800 g and measures 20.0 × 25.0 × 25.0 cm making it a great choice for everyday use.,C:\Users\admin\Pictures\thumb-1920-282032.jpg
d458378a178cd7cae60052319cebf235,stationary store,guiter,198,2,200,24,7,14,This stationary store item weighs 200 g and measures 24.0 × 7.0 × 14.0 cm making it a great choice for everyday use.,C:\Users\admin\Pictures\thumb-1920-282032.jpg
596363933adf57df745ecbc8afeec226,sport leisure,perfume,853,1,698,46,10,14,This sport leisure item weighs 698 g and measures 46.0 × 10.0 × 14.0 cm making it a great choice for everyday use.,C:\Users\admin\Pictures\thumb-1920-282032.jpg
4473f3e5c65952b074ef987fa5c24662,telephony,art of galaxy,776,6,350,17,4,12,This telephony item weighs 350 g and measures 17.0 × 4.0 × 12.0 cm making it a great choice for everyday use.,C:\Users\admin\Pictures\thumb-1920-282032.jpg
8c9faf6aabee9b2a30b83f92d786f6de,General Interest Books,jockey,2913,3,1000,24,5,17,This General Interest Books item weighs 1000 g and measures 24.0 × 5.0 × 17.0 cm making it a great choice for everyday use.,C:\Users\admin\Pictures\thumb-1920-282032.jpg
8e71b24c3e25a92fef6176120a67fac7,computer accessories,baby doll,585,1,783,21,13,28,This computer accessories item weighs 783 g and measures 21.0 × 13.0 × 28.0 cm making it a great choice for everyday use.,C:\Users\admin\Pictures\thumb-1920-282032.jpg
828fe032935d7c1901682e5b6cc076c2,perfumery,nightwares,1063,2,600,20,20,20,This perfumery item weighs 600 g and measures 20.0 × 20.0 × 20.0 cm making it a great choice for everyday use.,C:\Users\admin\Pictures\thumb-1920-282032.jpg
19502a282608c5627fb32e22724727fc,toys,guiter,181,1,11650,55,30,30,This toys item weighs 11650 g and measures 55.0 × 30.0 × 30.0 cm making it a great choice for everyday use.,C:\Users\admin\Pictures\thumb-1920-282032.jpg
df473738565b52f77b4e22b328b41576,Construction Tools Tools,perfume,369,1,400,16,2,11,This Construction Tools Tools item weighs 400 g and measures 16.0 × 2.0 × 11.0 cm making it a great choice for everyday use.,C:\Users\admin\Pictures\thumb-1920-282032.jpg
657491063e8a63247a108a4d9cedf020,toys,art of galaxy,274,1,3050,40,10,40,This toys item weighs 3050 g and measures 40.0 × 10.0 × 40.0 cm making it a great choice for everyday use.,C:\Users\admin\Pictures\thumb-1920-282032.jpg
a388f2043ca885de714453e4fac616e2,telephony,jockey,744,1,100,16,3,11,This telephony item weighs 100 g and measures 16.0 × 3.0 × 11.0 cm making it a great choice for everyday use.,C:\Users\admin\Pictures\thumb-1920-282032.jpg
4c6018f41a6c2e5543cc034e94f5ce5b,Garden tools,baby doll,2395,1,16500,40,25,26,This Garden tools item weighs 16500 g and measures 40.0 × 25.0 × 26.0 cm making it a great choice for everyday use.,C:\Users\admin\Pictures\thumb-1920-282032.jpg
a85543a371d5cfafedb80a8177a692b5,housewares,nightwares,470,2,750,34,14,24,This housewares item weighs 750 g and measures 34.0 × 14.0 × 24.0 cm making it a great choice for everyday use.,C:\Users\admin\Pictures\thumb-1920-282032.jpg
6b017e0d95d8765a6f2bed3bc272c61e,Fashion Underwear and Beach Fashion,guiter,422,1,250,36,4,20,This Fashion Underwear and Beach Fashion item weighs 250 g and measures 36.0 × 4.0 × 20.0 cm making it a great choice for everyday use.,C:\Users\admin\Pictures\thumb-1920-282032.jpg
6d14f72afff32795290f2df6507f063c,Bags Accessories,perfume,413,3,2300,84,14,20,This Bags Accessories item weighs 2300 g and measures 84.0 × 14.0 × 20.0 cm making it a great choice for everyday use.,C:\Users\admin\Pictures\thumb-1920-282032.jpg
75b433ca888fe027b18dfac89a284667,electronics,perfume,374,1,1350,33,12,26,This electronics item weighs 1350 g and measures 33.0 × 12.0 × 26.0 cm making it a great choice for everyday use.,C:\Users\admin\Pictures\thumb-1920-282032.jpg
